{"cameraMode":{"drawMode":0,"name":"Shaded","section":"Shading Mode"},"sceneLighting":true,"audioPlay":false,"sceneViewState":{"m_AlwaysRefresh":false,"showFog":true,"showSkybox":true,"showFlares":true,"showImageEffects":true,"showParticleSystems":true,"showVisualEffectGraphs":true,"m_FxEnabled":true},"in2DMode":false,"pivot":{"x":3.097365140914917,"y":2.5450472831726076,"z":4.239378929138184},"rotation":{"x":0.013094623573124409,"y":0.6085292100906372,"z":-0.010039499960839749,"w":0.7934303283691406},"size":7.194709777832031,"orthographic":false}