{"cameraMode":{"drawMode":0,"name":"Shaded","section":"Shading Mode"},"sceneLighting":true,"audioPlay":false,"sceneViewState":{"m_AlwaysRefresh":false,"showFog":true,"showSkybox":true,"showFlares":true,"showImageEffects":true,"showParticleSystems":true,"showVisualEffectGraphs":true,"m_FxEnabled":true},"in2DMode":false,"pivot":{"x":362.80487060546877,"y":164.58657836914063,"z":477.3650817871094},"rotation":{"x":-0.0044998484663665298,"y":0.0002411275781923905,"z":-0.0001477851183153689,"w":1.0001230239868165},"size":552.3312377929688,"orthographic":false}